transform_id,transform_function
1,2.71828**(-0.12*a)
2,2.71828**(-0.2*a)
3,2.71828**(-0.3*a)
4,2.71828**(-0.3*a)
5, 2.71828**(-0.3*a)
6,1/(1+2.71828**(-3.653 + 1.04*a))
7,1/(1+2.71828**(-3.86 + 0.717*a))
8,1/(1+2.71828**(-3.652 + 0.432*a))
9,1/(1+2.71828**(-3.652 + 0.432*a))
10,1/(1+2.71828**(-3.652 + 0.32*a))