transform_id,transform_function
1,2.71828**(-0.12*a)
2,2.71828**(-0.2*a)
3,2.71828**(-0.3*a)
4,1/(1+2.71828**(-3.782 + 1.231*a))
5,1/(1+2.71828**(-3.302 + 0.678*a))
6,1/(1+2.71828**(-3.402 + 0.401*a))