transform_id,transform_function
1,1.045/(1+2.71828**((a-12)/4))
2,1.045/(1+2.71828**((a-9)/3))
3,1.05/(1+2.71828**((a-6)/2))
4,1.057/(1+2.71828**((a-5)/1.8))
5,1.0915/(1+2.71828**((a-7)/3))
6,1.052/(1+2.71828**((a-10)/3.5))