transform_id,transform_function
1,1/(1+2.71828**(-1.089 + 0.114*a))
2,1/(1+2.71828**(-1.625 + 0.141*a))
3,1/(1+2.71828**(-1.45 + 0.1006*a))
4,1/(1+2.71828**(-2.136 + 0.213*a))
5,1/(1+2.71828**(-2.946 + 0.305*a))
6,1/(1+2.71828**(-3.745 + 0.338*a))