transform_id,transform_function
27,1.045/(1+2.71828**((a-12)/4))
28,1.045/(1+2.71828**((a-9)/3))
29,1.05/(1+2.71828**((a-6)/2))
30,1.057/(1+2.71828**((a-5)/1.8))
31,1.092/(1+2.71828**((a-7)/3))
32,1.055/(1+2.71828**((a-10)/3.5))
