transform_id,transform_function
1,1/(1+2.71828**-(2.8927 - 0.105*a))
2,1/(1+2.71828**-(6.6981 - 0.7219*a))
3,1/(1+2.71828**-(6.2384 - 1.5791*a))
4,1/(1+2.71828**-(6.2384 - 1.5791*a))
5,1/(1+2.71828**-(6.2384 - 1.5791*a))
6,1/(1+2.71828**-(3.5567 - 0.498*a))
7,1/(1+2.71828**-(4.614 - 0.2507*a))
8,1/(1+2.71828**-(5.0432 - 0.1469*a))
9,1/(1+2.71828**-(5.0432 - 0.1469*a))
10,1/(1+2.71828**-(5.0432 - 0.1469*a))