transform_id,transform_function
1,2.71828**(-0.12*a)
2,2.71828**(-0.2*a)
3,2.71828**(-0.3*a)
4,1/(1+2.71828**(-4.505+ 0.733*a))
5,1/(1+2.71828**(-4.065 + 0.39*a))
6,1/(1+2.71828**(-4.519 + 0.375*a))